,제목,평점,장르,줄거리
0,콰이어트 플레이스,7,공포/스릴러,소리를 내는 순간 공격받는 극한의 상황 속에서 살아남기 위한 한 가족의 숨막히는 사투를 그린 이야기< 생존 법칙 >1. 어떤 소리도 내지 말 것2. 아무 말도 하지 말 것3. 붉은 등이 켜지면 무조건 도망갈 것
1,극장판 귀멸의 칼날: 무한열차편,9,애니메이션,"혈귀로 변해버린 여동생 ‘네즈코’를 인간으로 되돌릴 단서를 찾아 비밀조직 귀살대에 들어간 ‘탄지로.’‘젠이츠’, ‘이노스케’와 새로운 임무 수행을 위해 무한열차에 탑승 후귀살대 최강 검사 염주 ‘렌고쿠’와 합류한다.달리는 무한열차에서 승객들이 하나 둘 흔적 없이 사라지자숨어있는 식인 혈귀의 존재를 직감하는 ‘렌고쿠’.귀살대 ‘탄지로’ 일행과 최강 검사 염주 ‘렌고쿠’는어둠 속을 달리는 무한열차에서 모두의 목숨을 구하기 위해예측불가능한 능력을 가진 혈귀와 목숨을 건 혈전을 시작하는데…"
2,크루엘라,9,드라마,"처음부터 난 알았어. 내가 특별하단 걸그게 불편한 인간들도 있겠지만 모두의 비위를 맞출 수는 없잖아?그러다 보니 결국, 학교를 계속 다닐 수가 없었지우여곡절 런던에 오게 된 나, 에스텔라는 재스퍼와 호레이스를 운명처럼 만났고나의 뛰어난 패션 감각을 이용해 완벽한 변장과 빠른 손놀림으로 런던 거리를 싹쓸이 했어도둑질이 지겹게 느껴질 때쯤, 꿈에 그리던 리버티 백화점에 낙하산(?)으로 들어가게 됐어거리를 떠돌았지만 패션을 향한 나의 열정만큼은 언제나 진심이었거든근데 이게 뭐야, 옷에는 손도 못 대보고 하루 종일 바닥 청소라니인내심에 한계를 느끼고 있을 때, 런던 패션계를 꽉 쥐고 있는 남작 부인이 나타났어천재는 천재를 알아보는 법! 난 남작 부인의 브랜드 디자이너로 들어가게 되었지꿈을 이룰 것 같았던 순간도 잠시, 세상에 남작 부인이 ‘그런 사람’이었을 줄이야…그래서 난 내가 누군지 보여주기로 했어잘가, 에스텔라난 이제 크루엘라야!"
3,킬러의 보디가드,8,액션,"세상 제일 잘난 맛에 사는 섭외 1순위 앵그리 보디가드가지명수배 1순위 구강 액션 지존 킬러를 보호하게 되면서 벌어지는누가 누구를 지키는 지 모를, 서로 못 죽여서 안달 난브로맨스 제로, 환장 케미의 킬링 액션 블록버스터"
4,미나리,7,드라마,"""미나리는 어디서든 잘 자라""낯선 미국, 아칸소로 떠나온 한국 가족.가족들에게 뭔가 해내는 걸 보여주고 싶은 아빠 '제이콥'(스티븐 연)은자신만의 농장을 가꾸기 시작하고 엄마 '모니카'(한예리)도 다시 일자리를 찾는다.아직 어린 아이들을 위해 ‘모니카’의 엄마 ‘순자’(윤여정)가 함께 살기로 하고가방 가득 고춧가루, 멸치, 한약 그리고 미나리씨를 담은 할머니가 도착한다.의젓한 큰딸 '앤'(노엘 케이트 조)과 장난꾸러기 막내아들 '데이빗'(앨런 김)은여느 그랜마같지 않은 할머니가 영- 못마땅한데…함께 있다면, 새로 시작할 수 있다는 희망으로하루하루 뿌리 내리며 살아가는어느 가족의 아주 특별한 여정이 시작된다!"
5,파이프라인,6,액션,"손만 대면 대박을 터트리는 도유 업계 최고 천공기술자 ‘핀돌이’는수천억의 기름을 빼돌리기 위해 거대한 판을 짠 대기업 후계자 ‘건우’의거부할 수 없는 제안에 빠져 위험천만한 도유 작전에 합류한다.프로 용접공 '접새', 땅 속을 장기판처럼 꿰고 있는 '나과장',괴력의 인간 굴착기 '큰삽', 이 모든 이들을 감시하는 '카운터'까지!그러나 저마다 다른 목적을 가진 이들이 서로를 속고 속이면서계획은 예상치 못한 방향으로 흘러가기 시작하는데...인생 역전을 꿈꾸는 여섯 명의 도유꾼들그들의 막장 팀플레이가 시작된다!"
6,크루즈 패밀리: 뉴 에이지,9,액션,"동굴을 떠나 새로운 거주지를 찾아 나선 크루즈 패밀리.우여곡절 끝에 찾은 완벽한 트리 하우스에서 진화된 인류, 베터맨 패밀리와 마주한다.도구를 사용하고 ‘집’에서 안전하게 살아가는 지능형 베터맨 패밀리와맨손으로 사냥하고 자연과 함께 살아가는 본능형 크루즈 패밀리는너무나도 다른 삶의 방식으로 사사건건 부딪힌다.반면 처음으로 여자 사람친구를 만난 ‘이프’와 ‘던’은 가족들과 달리 우정을 쌓아가지만점점 두 가족에게 예상치 못한 위협이 닥쳐오는데…"
8,소울,9,애니메이션,"뉴욕에서 음악 선생님으로 일하던 ‘조’는꿈에 그리던 최고의 밴드와 재즈 클럽에서 연주하게 된 그 날,예기치 못한 사고로 영혼이 되어 ‘태어나기 전 세상’에 떨어진다.탄생 전 영혼들이 멘토와 함께 자신의 관심사를 발견하면 지구 통행증을 발급하는 ‘태어나기 전 세상’‘조’는 그 곳에서 유일하게 지구에 가고 싶어하지 않는 시니컬한 영혼 ‘22’의 멘토가 된다.링컨, 간디, 테레사 수녀도 멘토되길 포기한 영혼 ‘22’꿈의 무대에 서려면 ‘22’의 지구 통행증이 필요한 ‘조’그는 다시 지구로 돌아가 꿈의 무대에 설 수 있을까?"
9,더 스파이,8,공포/스릴러,"전운이 감도는 1960년 냉전시대, 소련 군사정보국 ‘올레크 대령’은정부의 눈을 피해 핵전쟁 위기를 막을 중대 기밀을 CIA에 전하고자 한다.CIA는 MI6와 협력하여 소련의 기밀 문서를 입수하기 위해영국 사업가 ‘그레빌 윈’을 스파이로 고용해 잠입에 성공한다.정체를 감춘 채 런던과 모스크바를 오가는 ‘그레빌 윈’과 ‘올레크 대령’의은밀하고 위험한 관계가 계속될수록 KGB의 의심은 커져가는데...가장 평범한 사람의 가장 위대한 첩보 실화때론, 한 사람의 용기가 세상을 바꾼다!"
10,스타 이즈 본,9,드라마,"노래에 놀라운 재능을 가졌지만 외모에는 자신이 없는 무명가수 앨리(레이디 가가)는공연을 하던 바에서 우연히 톱스타 잭슨 메인(브래들리 쿠퍼)을 만나게 된다.자신의 모든 것을 사랑해주는 잭슨의 도움으로 앨리는 자기 안의 열정을 폭발시키며 최고의 스타로 거듭나지만,잭슨은 어린 시절의 상처와 예술가적 고뇌 속에서 점점 무너져가는데…"
11,노바디 ,8,액션,"비범한 과거를 숨긴 채 남들과 다를 바 없는 평범한 일상을 사는 한 가정의 가장 ‘허치’매일 출근을 하고, 분리수거를 하고 일과 가정 모두 나름 최선을 다하지만아들한테는 무시당하고 아내와의 관계도 소원하다.그러던 어느 날, 집안에 강도가 들고 허치는 한 번의 반항도 하지 못하고 당한다.더 큰 위험으로부터 가족을 지키기 위한 선택이었는데 모두 무능력하다고 ‘허치’를 비난하고,결국 그동안 참고 억눌렀던 분노가 폭발하고 만다."
12,자산어보,9,드라마,"“이 양반은 대역 죄인이니 너무 잘해줄 생각들 말어”순조 1년, 신유박해로 세상의 끝 흑산도로 유배된 ‘정약전’.호기심 많은 '정약전'은 그 곳에서 바다 생물에 매료되어 책을 쓰기로 한다.이에 바다를 훤히 알고 있는 청년 어부 ‘창대’에게 도움을 구하지만‘창대’는 죄인을 도울 수 없다며 단칼에 거절한다.“내가 아는 지식과 너의 물고기 지식을 바꾸자""‘창대’가 혼자 글 공부를 하며 어려움을 겪고 있다는 것을 알게 된 ‘정약전’은 서로의 지식을 거래하자고 제안하고거래라는 말에 ‘창대’는 못 이기는 척 받아들인다.둘은 티격태격하면서도 점차 서로의 스승이자 벗이 되어 간다.""너 공부해서 출세하고 싶지?""그러던 중 '창대'가 출세하기 위해 공부에 매진했다는 사실을 알게 된 '정약전'은 크게 실망한다.‘창대’ 역시 '정약전'과는 길이 다르다는 것을 깨닫고'정약전'의 곁을 떠나 세상 밖으로 나가고자 결심하는데..."
13,고질라 VS. 콩,8,액션,"거대 몬스터들의 습격을 받은 지 3년 후, 콩은 스컬 아일랜드를 떠나 인간들의 보호관찰을 받고 있다. 한편, 인간들에게 등을 돌린 고질라는 비밀연구회사인 에이펙스에 존재하는 알 수 없는 힘에 이끌려 그곳을 쑥대밭으로 만든다. 위기 상황 속, 지구 안의 또 다른 지구인 할로우 어스의 에너지원을 찾아야만 인류가 안전할 수 있다는 판단하고 콩의 보호자들은 콩과 특별한 유대감을 형성하는 아이 지아와 함께 타이탄들의 고향일지 모르는 그 곳으로 위험한 여정을 떠난다. 그러던 중 분노에 찬 고질라의 공격을 받고, 마침내 맞붙게 된 두 전설의 장대한 대결은 앞으로 닥쳐올 대재앙의 서막에 불과했는데…세상의 운명을 놓고, 지구상 가장 거대한 신화적 존재들의 스펙터클한 대격돌이 시작된다!"
14,조커,8,드라마,고담시의 광대 아서 플렉은 코미디언을 꿈꾸는 남자.하지만 모두가 미쳐가는 코미디 같은 세상에서맨 정신으로는 그가 설 자리가 없음을 깨닫게 되는데…이제껏 본 적 없는 진짜 ‘조커’를 만나라!
17,라이더스 오브 저스티스,7,액션,"가족과 떨어진 채 지내던 현직 군인 마르쿠스(매즈 미켈슨)는 열차 사고로 갑작스럽게 아내를 잃고 실의에 빠져있던 중, 아내의 죽음에 얽힌 사고가 계획된 범죄였음을 알게 된다. 분노가 폭발한 마르쿠스는 범인들을 뒤쫓아 목숨을 건 추격전을 시작하고 자신만의 잔혹한 정의로 그들을 심판하기로 하는데…"
19,노매드랜드,8,드라마,"경제적 붕괴로 도시 전체가 무너진 후 홀로 남겨진 ‘펀’.(프란시스 맥도맨드)추억이 깃든 도시를 떠나 작은 밴과 함께 한 번도 가보지 않은 낯선 길 위의 세상으로 떠난다.그 곳에서 ‘펀’은 각자의 사연을 가진 노매드들을 만나게 되고,광활한 자연과 길 위에서의 삶을 스스로 선택한 그들과 만나고 헤어지며다시 살아가기 위한 여정을 시작하는데…"
21,라야와 마지막 드래곤,9,애니메이션,"인간과 드래곤이 평화롭게 공존하던 신비의 땅, 쿠만드라 왕국살아있는 모든 생명을 삼키는 악의 세력 '드룬'이 들이닥치자,드래곤들은 인간을 구하기 위해 스스로를 희생하고 전설 속으로 사라진다.500년 후 부활한 '드룬'이 또다시 세상을 공포에 빠뜨리자,전사 ‘라야’는 분열된 쿠만드라를 구하기 위해전설 속 마지막 드래곤을 찾아 모험을 떠난다.그러나, ‘라야’는 험난한 여정을 겪으며 세상을 구하기 위해서는전설 속 드래곤보다 더 중요한 것이 있다는 것을 깨닫게 되는데…"
24,그것: 두 번째 이야기,6,공포/스릴러,"27년마다 아이들이 사라지는 마을 데리, 또 다시 ‘그것’이 나타났다.27년 전, 가장 무서워하는 것의 모습으로 나타나 아이들을 잡아먹는 그것 페니와이즈에 맞섰던 ‘루저 클럽’ 친구들은 어른이 되어도 더 커져만 가는 그것의 공포를 끝내기 위해 피할 수 없는 마지막 대결에 나선다."
25,기생충,8,드라마,"전원백수로 살 길 막막하지만 사이는 좋은 기택(송강호) 가족.장남 기우(최우식)에게 명문대생 친구가 연결시켜 준 고액 과외 자리는모처럼 싹튼 고정수입의 희망이다.온 가족의 도움과 기대 속에 박사장(이선균) 집으로 향하는 기우.글로벌 IT기업 CEO인 박사장의 저택에 도착하자젊고 아름다운 사모님 연교(조여정)가 기우를 맞이한다.그러나 이렇게 시작된 두 가족의 만남 뒤로, 걷잡을 수 없는 사건이 기다리고 있었으니…"
26,알라딘,9,액션,"머나먼 사막 속 신비의 아그라바 왕국의 시대.좀도둑 ‘알라딘’은 마법사 ‘자파’의 의뢰로 마법 램프를 찾아 나섰다가주인에게 세 가지 소원을 들어주는 지니를 만나게 되고,자스민 공주의 마음을 얻으려다 생각도 못했던 모험에 휘말리게 되는데…"
27,어벤져스: 엔드게임,9,액션,인피니티 워 이후 절반만 살아남은 지구마지막 희망이 된 어벤져스먼저 떠난 그들을 위해 모든 것을 걸었다!위대한 어벤져스운명을 바꿀 최후의 전쟁이 펼쳐진다!
28,그린 북,9,드라마,"1962년 미국, 입담과 주먹만 믿고 살아가던 토니 발레롱가(비고 모텐슨)는 교양과 우아함 그 자체인천재 피아니스트 돈 셜리(마허샬라 알리) 박사의 운전기사 면접을 보게 된다.백악관에도 초청되는 등 미국 전역에서 콘서트 요청을 받으며 명성을 떨치고 있는 돈 셜리는위험하기로 소문난 미국 남부 투어 공연을 떠나기로 결심하고,투어 기간 동안 자신의 보디가드 겸 운전기사로 토니를 고용한다.거친 인생을 살아온 토니 발레롱가와 교양과 기품을 지키며 살아온 돈 셜리 박사.생각, 행동, 말투, 취향까지 달라도 너무 다른 두 사람은그들을 위한 여행안내서 ‘그린북’에 의존해 특별한 남부 투어를 시작하는데…"
29,크레이지 리치 아시안,6,코미디,"뉴요커 레이첼은 남자친구 닉의 절친 결혼식이 열리는 싱가포르로 향한다. 처음으로 아시아를 방문한다는 설렘도 잠시, 닉의 가족을 만난다는 사실이 걱정이다. 그런데 알고 보니 닉이 싱가포르에서 가장 부유한 집안의 아들이자 모두가 선망하는 결혼 후보 1순위 신랑감이었던 것. 레이첼은 사교계 명사들의 질투와 더불어 본인을 영 탐탁지 않아하는 닉의 어머니의 타겟이 되는데… 남친의 재력을 알게 된 순간, 시월드의 문이 활짝 열렸다!"
30,어벤져스: 인피니티 워,8,액션,"새로운 조합을 이룬 어벤져스,역대 최강 빌런 타노스에 맞서 세계의 운명이 걸린인피니티 스톤을 향한 무한 대결이 펼쳐진다!마블의 클라이맥스를 목격하라!"
31,블랙 팬서,7,액션,‘시빌 워’ 이후 와칸다의 왕위를 계승한 티찰라(채드윅 보스만)는와칸다에만 존재하는 최강 희귀 금속 ‘비브라늄’과 왕좌를 노리는 숙적들의 음모가 전세계적인 위협으로 번지자세상을 구할 히어로 ‘블랙 팬서’로서 피할 수 없는 전쟁에 나서는데…
32,위대한 쇼맨,9,드라마,"쇼 비즈니스의 창시자이자, 꿈의 무대로 전세계를 매료시킨 남자‘바넘’의 이야기에서 영감을 받아 탄생한 오리지널 뮤지컬 영화 . 이후 다시 뮤지컬 영화로 돌아온 휴 잭맨부터 잭 에프론, 미셸 윌리엄스, 레베카 퍼거슨, 젠다야까지할리우드 최고의 배우들이 합류해 환상적인 앙상블을 선보인다.여기에  제작진과  작사팀의 합류로더욱 풍성해진 비주얼과 스토리, 음악까지 선보일 은‘우리는 누구나 특별하다’는 메시지로 관객들에게 재미는 물론, 감동까지 선사할 것이다.THIS IS ME! 우리는 누구나 특별하다!"
33,미 비포 유,8,감독테아 샤록,"이별을 준비하는 마지막에 나타난 짜증나는 여자내 평생 최고의 6개월을 선물했다6년 동안이나 일하던 카페가 문을 닫는 바람에 백수가 된 루이자(에밀리아 클라크)는 새 직장을 찾던 중 촉망 받던 젊은 사업가였던 전신마비 환자 윌(샘 클라플린)의 6개월 임시 간병인이 된다. 루이자의 우스꽝스러운 옷, 썰렁한 농담들, 속마음을 그대로 드러내는 얼굴 표정이 신경 쓰이는 윌. 말만 하면 멍청이 보듯 두 살짜리처럼 취급하고 개망나니처럼 구는 윌이 치사하기만 한 루이자. 그렇게 둘은 서로의 인생을 향해 차츰 걸어 들어가는데..."
34,분노의 질주: 더 세븐,9,액션,"거대 범죄 조직을 소탕한 뒤 전과를 사면 받고, 평범한 일상을 되찾은 도미닉(빈 디젤)과 멤버들.하지만 평화도 잠시, 한(성 강)의 갑작스러운 죽음에 이어, 도미닉의 집이 순식간에 폭파당한다.그들을 차례대로 제거하려는 최악의 상대 데카드 쇼(제이슨 스타뎀)의 등장으로도미닉은 다시 한 번 역대 최강의 멤버들을 불러모아 숨막히는 반격을 결심하는데…"
35,노예 12년,8,드라마,"1840년대 미국에서는 노예 수입이 금지되자 흑인 납치 사건이 만연하게 된다. 미국 내 자유주(州)의 흑인을 납치해 노예주(州)로 팔아 넘기는 것.음악가 '솔로몬 노섭', 노예 '플랫'!두 인생을 산 한 남자의 거짓말 같은 실화!1841년 뉴욕. 아내 그리고 두 명의 아이와 함께자유로운 삶을 누리던 음악가 솔로몬 노섭(치웨텔 에지오포)은 어느 날 갑자기 납치되어 노예로 팔려간다.그가 도착한 곳은 노예주 중에서도 악명 높은 루이지애나.신분을 증명할 방법이 없는 그에게 노예 신분과 ‘플랫’이라는 새 이름이 주어지고,12년의 시간 동안 두 명의 주인 윌리엄 포드(베네딕트 컴버배치), 에드윈 엡스(마이클 패스벤더)를 만나게 되는데…단 한 순간도 희망을 놓지 않았던12년 간의 기록이 펼쳐진다!"
36,분노의 질주: 더 오리지널,8,액션,"범법자의 신분으로 경찰에게 쫓기는 도미닉(빈 디젤)은 사랑하는 여인 레티(미셸 로드리게즈)의 갑작스런 죽음을 접하고 복수를 위해 LA로 돌아온다. 한편 LA 최대 갱단의 두목을 쫓고 있던 브라이언(폴 워커)은 범죄의 중심에 자신의 친구이기도 했던 레티의 죽음이 연관되어 있음을 직감한다. 위장 잠입한 갱단 소굴에서 서로 만나게 된 도미닉과 브라이언. 서로 쫓고 쫓기는 경찰과 도망자의 관계이지만, 서로의 우정과 믿음에 이끌린 두 사람은, 여인과 친구의 복수를 위해 잠시 손을 잡기로 한다. 하지만, 적의 실체에 점점 다가갈수록 목숨을 건 위험한 액션은 점점 극으로 치닫는데…"
37,해리 포터와 불사조 기사단,7,액션,"길고도 지루한 여름 날 호그와트 마법학교 다섯 번째 해를 기다리고 있는 해리포터(다니엘 래드클리프). 이모부 더즐리 식구들과 참고 사는 것도 지겨운데다 친구 론(루퍼트 그린트)과 헤르미온느(엠마 왓슨)에게서는 편지 한 통 오지 않는다. 그러던 중 예상치 못했던 편지 한 장이 도착한다. 그것은 해리가 학교 밖인 리틀 위닝에서 얄미운 사촌 두들리, 즉 머글 앞에서 디멘터들의 공격을 막는 마법을 사용했기 때문에 호그와트 마법학교에서 퇴학 당하게 되었다는 소식이었다. 앞이 캄캄한 해리. 갑자기 어둠의 마법사 오러들이 나타나 해리를 불사조 기사단의 비밀 장소로 데리고 간다.시리우스(게리 올드만)를 위시한 불사조 기사단을 만난 해리는 과거, 부모님들의 활약상을 알게 되어 힘을 얻고, 자신을 퇴학시키기 위해 마법부 장관 코넬리우스 퍼지(로버트 하디)가 법정에 세우지만 덤블도어 교장(마이클 갬볼 경)의 중재 덕분에 무죄 판결까지 받는다. 하지만 예언자 일보는 볼드모트(랄프 파인즈)가 돌아왔다는 해리의 말이 새빨간 거짓말이라며 비난하고 학생들 역시 해리를 의심하며 따돌린다. 게다가 자신이 가장 힘들어 할 때 도움을 주던 덤블도어 교장까지도 이유 없이 해리를 멀리하고…. 한편, 덤블도어도 못마땅한데 해리의 퇴학마저 무산이 되자 마법부 장관은 ‘어둠의 마법방어술’ 과목에 돌로레스 엄브릿지(이멜다 스털톤)를 교수로 임명한다. 하지만 엄브릿지의 마법방어술 수업은 학생들이 어둠의 힘으로부터 스스로를 지켜내기는커녕 오히려 곤경에 빠지게 한다. 이에 헤르미온느와 론은 해리의 능력을 믿고 자칭 ‘덤블도어의 군대’라고 명명한 비밀단체를 조직한다. 해리는 어둠의 마법에 맞서 스스로를 지켜낼 수 있는 방법을 학생들에게 가르쳐주며 앞으로 닥칠 격전에 대비시킨다. 그러나 밤마다 불길한 사건을 예견하는 악몽에 시달리는 해리. 이제 볼드모트와의 대결이 머지 않았음을 느끼게 된다. 시리우스가 공격 당하는 악몽을 꾼 해리는 덤블도어 군대와 함께 마법부 미스터리 부서 예언의 방으로 향한다. 그리고 이어 나타난 죽음을 먹는 자들…. 빛의 마법과 어둠의 마법간의 불꽃 튀는 대결 해리포터와 불사조 기사단, 호그와트의 운명이 그들에게 달렸다!"
38,시간을 달리는 소녀,9,드라마,"저 마코토에게는 남들에게 말 못할 비밀이 하나 있어요. 타임리프라고 하는 능력이죠.어느 날 우연히 그 능력을 가지게 됐어요.카즈야 이모 말에 따르면 내 또래 여학생들에게 자주 일어날 수 있는 일이라더군요.아무튼 그 능력 덕택에 학교 성적도 좋아지고,지각도 안하고 잦은 실수도 훨씬 줄어들었어요.세상 만사가 다 내 손안에 있는 느낌이었죠.친한 친구인 고스케와 치아키도 저의 변화가 싫지 않은 것 같아요. 매일 셋이서 야구놀이하며 즐거운 나날을 보낼 수 있을 것 같았죠.그런데 느닷없이 치아키가 저에게 고백을 하는 거에요.""마코토, 나랑 사귀지 않을래?"" 전혀 남자로 보이지 않던 녀석인데 저는 깜짝 놀라고 말았어요. 어떻게든 그 고백을 없애기 위해 다시 과거로 돌아가 결국은 그 고백을 듣지 않게 되었어요. 하지만 과거로 돌아가면 돌아갈수록, 일이 점점 꼬여만 가요. 친구인 유리와 치아키가 연인 사이로 발전하는걸 지켜보려니 마음만 씁쓸하고, 고스케를 짝사랑하고 있던 후배 여학생의 고민상담까지 받은 저는 어떻게서든 두 사람을 이어주기 위해 과거에서 현재로 몇 번을 오갔는지 몰라요. 게다가 제가 당할 뻔한 사고를 대신 고스케가 당하는 불상사까지…타임리프로 사람의 마음을 내 멋대로 바꾼 벌을 받고 있나 봐요. 전 이제 어떡하면 좋을까요?"
39,킹덤 오브 헤븐,8,액션,200년간 지속된 십자군 전쟁이 한창이었던 12세기 예루살렘.운명에 이끌려 십자군 원정이라는 거대한 역사의 소용돌이 중심에 선 ‘발리앙’은위대한 군주로 알려진 이슬람의 지도자 ‘살라딘’에 맞서예루살렘 성안의 백성들을 지켜내야 한다.명장 리들리 스콧 감독의 역작 전세계 최초 개봉
40,노트북,9,드라마,"17살, ‘노아’는 밝고 순수한 ‘앨리’를 보고 첫눈에 반한다. 빠른 속도로 서로에게 빠져드는 둘.그러나 이들 앞에 놓인 장벽에 막혀 이별하게 된다. 24살, ‘앨리’는 우연히 신문에서 ‘노아’의 소식을 접하고 잊을 수 없는 첫사랑 앞에서 다시 한 번 선택의 기로에 서게 되는데… 열일곱의 설렘, 스물넷의 아픈 기억, 그리고 마지막까지… 한 사람을 지극히 사랑했으니 내 인생은 성공한 인생입니다"
41,영웅본색,9,액션,"한때 암흑가를 주름잡는 보스였으나 손 씻고 새 삶을 시작한 자호(적룡), 경찰의 길을 걷는 자호의 동생 아걸(장국영), 자호와 함께 암흑가의 화려한 나날을 보냈으나 몰락한 채, 때를 기다리며 과거의 영광을 되찾고자 하는 소마(주윤발). 세 남자의 뜨거운 이야기가 디지털 리마스터링으로 다시 찾아온다! 2016년 2월, 레전드의 귀환!"
43,내일의 기억,7,공포/스릴러,"사고로 기억을 잃은 채 깨어난 수진 옆엔자상한 남편 지훈이 그녀를 세심하게 돌봐주고 있다.그리고 집에 돌아온 후,마주친 이웃들의 위험한 미래가 보이기 시작하자 수진은 혼란에 빠진다.그러던 어느 날 길에서 만난 옛 직장 동료는수진을 걱정하며 지훈에 대한 믿기 힘든 소리를 하고,때마침 발견한 사진에서 사진 속 남편 자리엔 지훈이 아닌 다른 남자가 있다.설상가상 수진은 알 수 없는 남자가 자신을 위협하는 환영에 시달리는데……"
46,런,8,공포/스릴러,태어날 때부터 장애 때문에 휠체어를 타고 외딴 집에서 엄마와 함께 살며 일상을 보내는 ‘클로이’. 딸을 사랑으로 돌보는 엄마 덕분에 힘들지만 매일을 긍정적으로 살아간다. 그러던 어느 날 식탁에 놓인 장바구니에서 하나의 물건을 발견하게 되고 믿었던 모든 일상이 흔들리기 시작하는데…
47,도굴,7,액션,"흙 맛만 봐도 보물을 찾아내는 타고난 천재 도굴꾼 강동구(이제훈).자칭 한국의 '인디아나 존스'로 불리는 고분벽화 도굴 전문가 존스 박사(조우진), 전설의 삽질 달인 삽다리(임원희)를 만나 환상(?)의 팀플레이를 자랑하며 위험천만하고도 짜릿한 도굴의 판을 키운다.한편, 그의 재능을 알아본 고미술계 엘리트 큐레이터 윤실장(신혜선)은강동구에게 매력적이면서도 위험한 거래를 제안하는데...!황영사 금동불상, 고구려 고분벽화 그리고 서울 강남 한복판 선릉까지!팔수록 판이 커지는 도굴의 세계!급이 다른 삽질이 시작된다!"
48,테넷,8,액션,시간의 흐름을 뒤집는 인버전을 통해 현재와 미래를 오가며 세상을 파괴하려는 사토르(케네스 브래너)를 막기 위해 투입된 작전의 주도자(존 데이비드 워싱턴). 인버전에 대한 정보를 가진 닐(로버트 패틴슨)과 미술품 감정사이자 사토르에 대한 복수심이 가득한 그의 아내 캣(엘리자베스 데비키)과 협력해 미래의 공격에 맞서 제3차 세계대전을 막아야 한다!
50,하이큐!! 땅 VS 하늘,8,애니메이션,"전국 대회 출전을 향한 치열한 접전 끝에네코마, 후쿠로다니, 노헤비, 이타치야마 고교 배구팀이지역 대표 결정전에 오른다.마지막이 될지도 모르는 결전을 위해각 고교 팀들은 최후의 승부수를 던지는데!승부는 아직 끝나지 않았다!코트를 제패할 팀은 누구인가!더 높이, 더 뜨겁게!불꽃같이 날아올라라!"
51,울지마 톤즈 2 : 슈크란 바바,9,다큐멘터리,"가난과 전쟁으로 아무런 희망조차 없었던 수단 톤즈에서사제이자 의사, 교육자, 음악가, 그리고 건축가로서 이태석 신부가 이룬 기적들과 그 이면의 숨은 이야기들이 공개된다!톤즈에서 행복의 답을 찾은 그의 모습은 보는 이를 설레게 하고,진실하게 자신을 다 바쳐 사랑을 전하는 모습은 보는 이를 뜨거운 감동으로 적신다.아직도 이 땅에 남아 있는 그의 따스한 발자취와그를 기억하는 사람들이 말하는 진짜 이태석을 만나다!"
54,알리타: 배틀 엔젤,8,액션,"모두가 갈망하는 공중도시와 그들을 위해 존재하는 고철도시로 나누어진 26세기.고철 더미 속 모든 기억을 잃은 채 깨어난 알리타는 마음 따뜻한 의사 이도의 보살핌으로 새로운 삶을 시작한다. 이도는 사이보그인 알리타에게 특별한 과거의 비밀과 영혼이 존재한다는 사실을 깨닫고미스터리한 과거로부터 그녀를 지키고자 한다. 한편, 새로운 친구 휴고는 알리타가 위험한 고철도시를 헤쳐나갈 수 있는 방법과 함께 기억을 되찾도록 돕는다.알리타가 자신의 과거에 다가 갈수록 도시를 지배하는 악랄한 세력들이 그녀를 노리며 제거하려고 하고   자신이 착취와 약탈의 고철도시를 구할 수 있는 열쇠임을 깨닫게 된 알리타는사랑하는 가족과 친구, 새로운 세상을 위해 통제된 세상의 무시무시한 적들과 맞서게 되는데…"
55,메이즈 러너: 데스 큐어,7,액션,"미스터리한 조직 ‘위키드’에게 잡힌 ‘민호’(이기홍)를 구하기 위해 ‘토마스’(딜런 오브라이언)와 러너들은 ‘위키드’의 본부가 있는 최후의 도시로 향한다. 인류의 운명이 걸린 ‘위키드’의 위험한 계획을 알게 된 ‘토마스’와 러너들은 마지막 사투를 준비하지만, ‘토마스’는 친구와 인류의 운명 앞에서 딜레마에 빠지게 되는데…"
56,코코,9,액션,뮤지션을 꿈꾸는 소년 미구엘은 전설적인 가수 에르네스토의 기타에 손을 댔다 ‘죽은 자들의 세상’에 들어가게 된다.그리고 그곳에서 만난 의문의 사나이 헥터와 함께 상상조차 못했던 모험을 시작하게 되는데…과연 ‘죽은 자들의 세상’에 숨겨진 비밀은? 그리고 미구엘은 무사히 현실로 돌아올 수 있을까?
59,덩케르크,8,액션,"해변: 보이지 않는 적에게 포위된 채 어디서 총알이 날아올지 모르는 위기의 일주일바다: 군인들의 탈출을 돕기 위해 배를 몰고 덩케르크로 항해하는 하루하늘: 적의 전투기를 공격해 추락시키는 임무, 남은 연료로 비행이 가능한 한 시간“우리는 해변에서 싸울 것이다. 우리는 상륙지에서 싸울 것이다. 우리는 들판에서 싸우고 시가에서도 싸울 것이다. 우리는 끝까지 싸울 것이다”"
60,마리안느와 마가렛,9,다큐멘터리,"2005년 11월 23일, 소록도의 집집마다 편지 한 통이 도착한다.두 간호사가 보낸 마지막 편지였다.＇나이가 들어 제대로 일할 수 없고 헤어지는 아픔을 남길까…＇꽃다운 20대에 아무 연고도 없이 섬을 찾아왔던 이들은 그렇게 떠났다.소록도에서 한센병 환자들을 43년간 보살펴온푸른 눈의 두 천사, 마리안느와 마가렛.들꽃 같은 이들의 아픔을 치유로 바꾼 43년의 사랑을 되새긴다."
61,닥터 스트레인지,8,액션,"불의의 사고로 절망에 빠진 천재 외과의사 ‘닥터 스트레인지(베네딕트 컴버배치)’. 마지막 희망을 걸고 찾아 간 곳에서 ‘에인션트 원(틸다 스윈튼)’을 만나 세상을 구원할 강력한 능력을 얻게 되면서,모든 것을 초월한 최강의 히어로로 거듭나는데..."
62,다가오는 것들,8,드라마,"파리의 고등학교에서 철학을 가르치는 ‘나탈리(이자벨 위페르)’는 두 아이의 엄마이자 한 남자의 부인, 그리고 홀어머니의 딸로서 바쁘지만 행복한 날들을 지내고 있다. 그러던 어느 날 남편의 갑작스러운 고백과 함께 그녀의 평화롭던 삶이 흔들리기 시작하는데…"
63,제독: 미힐 드 로이테르,8,액션,"17세기 신흥 강국으로 부상한 네덜란드. 2만 척의 배로 전세계를 누비며 교역으로 부를 쌓고, 정치적으로는 공화국 체계를 구축하며 국민에게 자유를 장려하던 네덜란드는 왕당정치를 고수하던 유럽 열강국들에게 위협적인 존재로 성장하기에 이른다. 이에 영국은 함대를 보내 네덜란드의 교역로를 차단하려 하고 끝내 교전이 빈번하게 일어나는데…  영국과의 해전 중 전사한 트롬프 장군은 선장에 불과한 미힐에게 그의 뒤를 부탁한다는 유언을 남기고 이에 힘입어 선원들 사이에서 뛰어난 지도력과 전략을 선보여 인정을 받았던 미힐은 왕당파의 반대에도 불구하고 새로운 장군으로 취임하게 된다. 미힐이 장군이 됨으로써 처음으로 영국과의 해전에서 승리를 거두고, 그 뒤에도 미힐은 계속해서 네덜란드에게 승리를 안겨주지만 그를 향한 왕당파의 시선이 곱지만은 않다. 이렇게 나라 안팎의 적들을 상대하며 미힐은 네덜란드 함대를 유럽 최강으로 올려놓기 위해 고군분투하는데…  위대한 업적으로 혁혁한 공을 세우며 지금까지도 역사상 가장 위대한 제독으로 기억되는 장군 미힐 드 로이테르는 과연 마지막까지 네덜란드에게 승리를 선사할 수 있을 것인가."
64,곡성(哭聲),7,드라마,"낯선 외지인(쿠니무라 준)이 나타난 후 벌어지는 의문의 연쇄 사건들로 마을이 발칵 뒤집힌다. 경찰은 집단 야생 버섯 중독으로 잠정적 결론을 내리지만 모든 사건의 원인이 그 외지인 때문이라는 소문과 의심이 걷잡을 수 없이 퍼져 나간다. 경찰 ‘종구’(곽도원)는 현장을 목격했다는 여인 ‘무명’(천우희)을 만나면서 외지인에 대한 소문을 확신하기 시작한다. 딸 ‘효진’(김환희)이 피해자들과 비슷한 증상으로 아파오기 시작하자 다급해진 ‘종구’. 외지인을 찾아 난동을 부리고, 무속인 ‘일광’(황정민)을 불러들이는데..."
65,캡틴 아메리카: 시빌 워,8,액션,어벤져스 VS 어벤져스 분열은 시작되었다!어벤져스와 관련된 사고로 부수적인 피해가 일어나자 정부는 어벤져스를 관리하고 감독하는 시스템인 일명 ‘슈퍼히어로 등록제’를 내놓는다. 어벤져스 내부는 정부의 입장을 지지하는 찬성파(팀 아이언맨)와 이전처럼 정부의 개입 없이자유롭게 인류를 보호해야 한다는 반대파(팀 캡틴)로 나뉘어 대립하기 시작하는데...
66,헝거게임 : 더 파이널,7,액션,"두 번의 헝거게임에서 살아남은 생존자 캣니스 에버딘. 그런 그녀를 향한 스노우 대통령의 공격은 더욱 거세지고 캣니스의 분노는 폭발한다.캣니스는 그를 멈추고 모든 것을 끝낼 수 있는 사람이 바로 자신임을 깨닫고, 13구역 군단에 합류한다. 철저하게 준비를 끝낸 캣니스와 최정예 요원들은 캐피톨 입성에 성공하지만 스노우 대통령이 설치한 함정들로 인해 목숨을 위협받는 위험한 상황에 처하게 된다.희생된 동료들을 뒤로한 채 가까스로 스노우 대통령과의 대결을 앞둔 캣니스에게 또 다른 충격적인 사건이 벌어지는데…마침내 최후의 승자가 결정된다!"
67,바람의 검심 : 전설의 최후편,8,액션,"세상을 뒤흔들 반란을 계획하고 있는 절대악 시시오와 그의 부하 십본도를 저지하기 위해 교토까지 온 히무라 켄신 (사토 타케루). 한때 켄신의 자리를 이어받아 유신지사로 활동했던 시시오가 정부에 배신당하고 반란을 일으킨 것이다. 시시오 일당에 맞서던 켄신은 십본도의 세타 소지로 (카미키 류노스케)에 의해 역날검이 반토막이 나게 되고, 나라와 자신의 곁을 지키는 사람들이 절체절명의 위험에 빠지고 심지어 유일한 무기였던 역날검마저 쓸 수 없게 되면서 최대의 궁지에 몰리게 된다. 불살을 맹세했던 켄신은 부러진 역날검을 들고 최강의 절대악인 시시오와 맞서 일생일대의 마지막 결전을 앞두게 되는데.."
68,헝거게임:모킹제이,7,액션,"헝거게임이 끝나고 캣니스의 고향인 12구역이 캐피톨의 폭격으로 파괴되자 그녀는 절망감으로 괴로워한다. 12구역의 생존자들이 13구역에 있다는 것을 알게 된 캣니스는 반정부 세력의 중심이 된다. 어떤 공격도, 어떤 감시도 피할 수 있는 전설의 13구역을 다스리는 대통령 코인은 캣니스에게 혁명의 불꽃이자 반군의 상징인 모킹제이가 되어달라고 부탁하고, 모두의 희망이 된 캣니스는 이제 세상을 구할 반격을 시작한다."
69,월터의 상상은 현실이 된다,8,액션,"‘라이프’ 잡지사에서 16년째 근무 중인 월터 미티.반복되는 일상이지만 ‘상상’을 통해 특별한 순간을 꿈꾸는 그에게폐간을 앞둔 ‘라이프’지의 마지막 호 표지 사진을 찾아오는 미션이 생긴다.평생 국내를 벗어나 본 적 없는 월터는 문제의 사진을 찾아 그린란드, 아이슬란드 등을 넘나들며 평소 자신의 상상과는 비교할 수 없는 거대한 어드벤처를 시작한다.누구보다 평범한 일상을 살던 월터,그 누구도 겪은 적 없는 특별한 생애 최고의 순간을 맞이하게 된다!"
70,엽문,9,액션,"1930년대 중국, 수많은 무술가들의 메카가 된 불산. 그 곳에서 ‘엽문’은 빠른 스피드와 강력한 힘을 자랑하는 영춘권의 고수이자, 백전불패를 자랑하는 신화와 같은 실력으로 중국 전역에 명성을 떨친다. 그러던 어느 날, 일본이 중국대륙을 침략해 중일전쟁이 발발하고 불산은 일본의 식민지배 하에 놓이게 된다. 일본은 먼저 ‘민족혼 말살정책’의 일환으로 불산의 무술가들을 비열한 방법으로 하나하나 격파해 나간다. 심지어 이로 인해 죽음에 이르는 무술가들이 늘어가자 엽문은 큰 충격에 빠진다. 그 후 엽문은 제자를 받아들이지 않겠다던 자신의 신념을 버리고 국민들이 일본으로부터 자신의 몸을 지킬 수 있도록 무예를 가르치며, 중국의 자존심을 되찾기 위해 자신의 무술로 일본에 저항하는데..."
71,더 폴: 오디어스와 환상의 문,8,액션,"1920년 미국 할리우드의 한 병원. 말을 타다 부상으로 하반신이 마비된 전문 스턴트맨 로이는 쇄골이 부러져 병원에 입원한 작은 꼬마 알렉산드리아와 친구가 된다. 어린 친구를 위해 로이는 매일 세상 끝 먼 곳에서 온 다섯 전사에 대한 환상적인 이야기를 들려 주고, 시간이 갈수록 현실과 환상은 서로 얽히고 뒤섞이게 되는데… 영화제 소개글. 1981년 불가리아 영화 &lt요호호&gt를 리메이크한 &lt더 폴&gt은 전 세계 18개국 26개의 로케이션에서 촬영되었다. 영화의 초현실적이고 판타스틱한 영상에도 불구하고 특수효과가 완전히 배제된 채 모든 장면이 실제로 촬영되었다는 사실이 놀랍다."
72,라따뚜이,9,액션,"절대미각, 빠른 손놀림, 끓어 넘치는 열정의 소유자 ‘레미’. 프랑스 최고의 요리사를 꿈꾸는 그에게 단 한가지 약점이 있었으니, 바로 주방 퇴치대상 1호인 ‘생쥐’라는 것! 그러던 어느 날, 하수구에서 길을 잃은 레미는 운명처럼 파리의 별 다섯개짜리 최고급 레스토랑에 떨어진다. 그러나 생쥐의 신분으로 주방이란 그저 그림의 떡. 보글거리는 수프, 둑닥둑닥 도마소리, 향긋한 허브 내음에 식욕이 아닌 ‘요리욕’이 북받친 레미의 작은 심장은 콩닥콩닥 뛰기 시작하는데! 쥐면 쥐답게 쓰레기나 먹고 살라는 가족들의 핀잔에도 굴하지 않고 끝내 주방으로 들어가는 레미. 깜깜한 어둠 속에서 요리에 열중하다 재능 없는 견습생 ‘링귀니’에게 ‘딱’ 걸리고 만다. 하지만 해고위기에 처해있던 링귀니는 레미의 재능을 한눈에 알아보고 의기투합을 제안하는데. 과연 궁지에 몰린 둘은 환상적인 요리 실력을 발휘할 수 있을 것인가? 레니와 링귀니의 좌충우돌 공생공사 프로젝트가 아름다운 파리를 배경으로 이제 곧 펼쳐진다!"
73,라디오 스타,9,코미디,"명곡 비와 당신으로 88년 가수 왕을 차지했던 최곤은 그 후 대마초 사건, 폭행사건 등에 연루돼 이제는 불륜커플을 상대로 미사리 까페촌에서 기타를 튕기고 있는 신세지만, 아직도 자신이 스타라고 굳게 믿고 있다. 조용하나 싶더니 까페 손님과 시비가 붙은 최곤은 급기야 유치장 신세까지 지게 되는데. 일편단심 매니저 박민수는 합의금을 찾아 다니던 중 지인인 방송국 국장을 만나고, 최곤이 영월에서 DJ를 하면 합의금을 내준다는 약속을 받아낸다. 프로그램 명 최곤의 오후의 희망곡 하지만 DJ자리를 우습게 여기는 최곤은 선곡 무시는 기본, 막무가내 방송도 모자라 부스 안으로 커피까지 배달시킨다. 피디와 지국장마저 두 손 두발 다 들게 만드는 방송이 계속되던 어느 날, 최곤은 커피 배달 온 청록 다방 김양을 즉석 게스트로 등장시키고 그녀의 사연이 많은 이들의 심금을 울리며 방송은 점차 주민들의 호응을 얻는다. 그러나 성공에는 또 다른 대가가 있는 법..."
74,"나니아 연대기 - 사자, 마녀 그리고 옷장",7,액션," 제작진이 선사하는 2005년 판타지 액션 대작 ! 판타지 소설의 걸작 C. S. 루이스 원작을 바탕으로 한 은 총 7편의 작품 중 그 서막을 여는 첫번째 이야기이다. 2차 세계대전 중, 전쟁을 피해 먼 친척 집에 맡겨진 네 남매들은 어느날, 그 저택에 있는 마법의 옷장을 통해 환상의 나라 나니아에 들어가게 된다. 마녀의 마법에 빠져 영원히 겨울만 계속되는 나니아... 아이들은 위대한 사자 아슬란과 함께 위험에 빠진 나니아를 구하기 위해 불가능한 모험을 시작하는데.... 올 겨울, 운명이 열리는 순간 신화의 연대기가 시작된다!"
75,이프 온리,9,코미디,"눈앞에서 사랑하는 연인을 잃은 남자는 다음 날 아침, 자신의 옆에서 자고 있는 연인을 보고 소스라치게 놀란다. 기쁨도 잠시, 정해진 운명은 바꿀 수 없단 것을 깨달은 그는 더 늦기 전에 자신의 진정한 사랑을 전하기로 마음먹는데…네가 아니었다면 난 영영 사랑을 몰랐을 거야사랑하는 법을 알게 해줘서 고마워, 사랑받는 법도."
76,워크 투 리멤버,8,드라마,"전혀 어울릴 것 같지 않은 두 사람의 ‘썸' 스캔들!아웃사이더 ‘제이미’에게 일진 킹카 ‘랜든’이 빠졌다고?“날 사랑하지 않겠다고 약속해!”서로에 대한 마음을 부정하지만 자기도 모르게 사랑에 빠져버린 두 사람.‘썸’이 ‘사랑’으로 발전하자 둘의 만남을 방해하는 사람들이 하나 둘 나타나는데…주변의 방해해도 불구하고 사랑을 키워가는 두 사람.그런 그들 앞에 가혹한 운명이 기다리고 있었으니,과연 ‘랜든’과 ‘제이미’는 이대로 사랑할 수 있을까?"
77,더 이퀄라이저 2,7,액션,전직 특수 요원 로버트 맥콜(덴젤 워싱턴)이 정의를 구현하기 위해 악행을 일삼는 범죄 집단을 소탕하는 덴젤 워싱턴의 숨막히는 범죄 액션 스릴러
78,주선,0,SF/판타지,"어린 시절 마교의 습격으로 인해 가족를 잃은 ‘정소범’은 자신을 거둬준 청운문의 제자가 된다.탁월한 무공실력을 자랑하는 천하제일 문파인들과 달리 마냥 밝고 순수한 ‘정소범’은 오랜 수련에도 불구하고 다른 문인들과 비교되기 일쑤.그러던 어느 날, 옛 스승에게 건네받은 서혈주가 전설과도 같은 법기 섭혼을 깨우게 되고 ‘정소범’은 순식간에 세상을 지배할 절대적인 힘을 손에 넣게 된다.이에 서혈주를 빼앗기 위한 마교 귀왕종과 세상의 질서를 지키기 위한 문파는 ‘정소범’을 위협하기 시작하고 누구보다 순수한 마음을 지녔던 그는 점차 법기 섭혼의 진정한 힘을 깨닫게 되는데..."
79,잭 스나이더의 저스티스 리그,0,액션,"슈퍼맨이 죽고 지구에 어둠의 그림자가 드리운다. ‘마더박스’를 차지하기 위해 빌런 스테픈울프가 파라데몬 군단을 이끌고 지구에 온 것이다.지구를 지키기 위해 목숨을 바친 슈퍼맨의 희생이 헛되지 않도록 하기 위해 브루스 웨인은 다이애나 프린스와 적에 맞서기로 한다. 배트맨과 원더 우먼은 새로이 등장한 위협에 맞서 싸우기 위해 특별한 능력을 가진 메타휴먼, 아쿠아맨과 사이보그, 플래시를 찾아가 설득하여 힘을 합친다.드디어 한 팀이 된 저스티스 리그. 혹시 스테픈울프와 데사드 그리고 다크사이드를 물리치기에 너무 늦어버린 것이 아닐까?"
80,프로페서 앤 매드맨,8,드라마,"빅토리아 시대, 대영제국의 부활을 위해 세상을 정의할 '옥스퍼드 사전 편찬 프로젝트'가 시작된다. 책임자로 부임한 이는 수십 개의 언어를 구사하는 괴짜 교수 제임스 머리(멜 깁슨). 그는 영어를 쓰는 모든 이들로부터 단어와 예문을 모으자는 파격적인 제안을 내놓는다. 전국에서 편지가 빗발치던 어느 날, 머리는 고전을 풍부하게 인용한 수백 개 예문이 담긴 편지를 발견한다. 보낸 이는 닥터 윌리엄 마이너(숀 펜), 그의 천재적인 능력으로 불가능해 보였던 사전 편찬 작업엔 속도가 붙는다. 하지만 윌리엄이 정신병원에 구금된 미치광이라는 사실이 밝혀지게 되는데..."
